<?xml version="1.0" encoding="UTF-8"?>
<project-private xmlns="http://www.netbeans.org/ns/project-private/1">
    <editor-bookmarks xmlns="http://www.netbeans.org/ns/editor-bookmarks/2" lastBookmarkId="0"/>
    <open-files xmlns="http://www.netbeans.org/ns/projectui-open-files/2">
        <group>
            <file>file:/C:/Users/PICHAU/Documents/Allan/Problema%202%20-%20MI%20Concorrencia%20e%20Conectividade/CartorioDigitalServidor/src/servidor/ThreadTCP.java</file>
            <file>file:/C:/Users/PICHAU/Documents/Allan/Problema%202%20-%20MI%20Concorrencia%20e%20Conectividade/CartorioDigitalServidor/src/servidor/Servidor.java</file>
            <file>file:/C:/Users/PICHAU/Documents/Allan/Problema%202%20-%20MI%20Concorrencia%20e%20Conectividade/CartorioDigitalServidor/src/servidor/ThreadUDP.java</file>
        </group>
    </open-files>
</project-private>
